{
  "description": "srp-standardized 5-seed mixed audit",
  "commit": "382b786",
  "budget": "full",
  "smoke": false,
  "seeds": [
    9001,
    9002,
    9003,
    9004,
    9005
  ],
  "reference": "pirhooshyaran2021_mixed_scn_fig1_table5",
  "literature_verified": false,
  "baseline_kind": "env_own_best_pairwise_base_stock (RESEARCH comparison)",
  "policy_architecture": "soft_tree_d2_oblique_linear_temp0.25_vector_quantity_sigma0.2_warm[gate_flow_oul[36, 13, 13, 7, 7, 7, 7, 36]]_floor[True]",
  "gate": {
    "oul_levels": [
      36,
      13,
      13,
      7,
      7,
      7,
      7,
      36
    ],
    "echelon_levels": [
      36,
      13,
      7
    ],
    "holdout_mean_cost": 297.68814199999997,
    "holdout_stderr": 0.6670486437127049
  },
  "warm_start_anchor_holdout_mean": 443.74875799999995,
  "warm_start_anchor_holdout_se": 0.3937384735180942,
  "warm_start_kind": "gate_flow_oul[36, 13, 13, 7, 7, 7, 7, 36]",
  "sigma_init": 0.2,
  "honest_floor": true,
  "depth": 2,
  "leaf_type": "linear",
  "split_type": "oblique",
  "temperature": 0.25,
  "train_batch": 96,
  "holdout_paths": 4000,
  "per_seed": [
    {
      "seed": 9001,
      "gate_cost": 297.68814199999997,
      "best_learned_cost": 297.68814199999997,
      "savings_pct_vs_gate": 0.0,
      "trained_holdout_mean": 345.5998000000001,
      "trained_holdout_se": 0.5603149174562462,
      "gen0_holdout_mean": 443.74875799999995,
      "best_train_cost": 344.9665833333333,
      "deployed_policy": "gate",
      "deployed_cost": 297.68814199999997,
      "deployed_se": 0.6670486437127049,
      "gap_pct": 0.0,
      "train_seconds": 11.290228366851807
    },
    {
      "seed": 9002,
      "gate_cost": 297.68814199999997,
      "best_learned_cost": 297.68814199999997,
      "savings_pct_vs_gate": 0.0,
      "trained_holdout_mean": 359.535155,
      "trained_holdout_se": 0.4871777144004986,
      "gen0_holdout_mean": 443.74875799999995,
      "best_train_cost": 356.9332916666667,
      "deployed_policy": "gate",
      "deployed_cost": 297.68814199999997,
      "deployed_se": 0.6670486437127049,
      "gap_pct": 0.0,
      "train_seconds": 10.748823404312134
    },
    {
      "seed": 9003,
      "gate_cost": 297.68814199999997,
      "best_learned_cost": 297.68814199999997,
      "savings_pct_vs_gate": 0.0,
      "trained_holdout_mean": 358.00478200000003,
      "trained_holdout_se": 0.5253928957086487,
      "gen0_holdout_mean": 443.74875799999995,
      "best_train_cost": 351.5994166666666,
      "deployed_policy": "gate",
      "deployed_cost": 297.68814199999997,
      "deployed_se": 0.6670486437127049,
      "gap_pct": 0.0,
      "train_seconds": 10.80924654006958
    },
    {
      "seed": 9004,
      "gate_cost": 297.68814199999997,
      "best_learned_cost": 297.68814199999997,
      "savings_pct_vs_gate": 0.0,
      "trained_holdout_mean": 342.18782799999997,
      "trained_holdout_se": 0.4796465096032745,
      "gen0_holdout_mean": 443.74875799999995,
      "best_train_cost": 338.0442083333333,
      "deployed_policy": "gate",
      "deployed_cost": 297.68814199999997,
      "deployed_se": 0.6670486437127049,
      "gap_pct": 0.0,
      "train_seconds": 10.632691860198975
    },
    {
      "seed": 9005,
      "gate_cost": 297.68814199999997,
      "best_learned_cost": 297.68814199999997,
      "savings_pct_vs_gate": 0.0,
      "trained_holdout_mean": 349.57201399999997,
      "trained_holdout_se": 0.462548869011644,
      "gen0_holdout_mean": 443.74875799999995,
      "best_train_cost": 346.6349166666667,
      "deployed_policy": "gate",
      "deployed_cost": 297.68814199999997,
      "deployed_se": 0.6670486437127049,
      "gap_pct": 0.0,
      "train_seconds": 11.08086895942688
    }
  ],
  "n_seeds": 5,
  "deployed_seed_mean": 297.68814199999997,
  "deployed_seed_std": 0.0,
  "deployed_gap_pct": 0.0,
  "trained_seed_mean": 350.9799158,
  "trained_seed_std": 7.595549754294957,
  "trained_gap_pct": 17.90187994790873,
  "frac_seeds_below_gate_deployed": "0/5",
  "frac_seeds_below_gate_trained": "0/5",
  "gate_pinned_all_seeds": true,
  "n_seeds_deployed_gate": 5,
  "problem_id": "production_assembly_distribution_network",
  "n_optimizer_seeds": 5,
  "learned_seed_mean": 297.68814199999997,
  "learned_seed_std": 0.0,
  "gate_seed_mean": 297.68814199999997,
  "gate_seed_std": 0.0,
  "savings_pct_seed_mean": 0.0,
  "savings_pct_seed_std": 0.0,
  "frac_seeds_beating_gate": "0/5",
  "verdict_vs_same_protocol_gate": "PARITY"
}