{
  "commit": "01c657a",
  "experiment": "general_backorder_fixed_cost_autoresearch_full_d2_constant_sig0.2_s123",
  "reference": "geevers2023_general_set1",
  "budget": "full",
  "structure": {
    "depth": 2,
    "leaf_type": "constant",
    "split_type": "oblique",
    "temperature": 0.25,
    "action_mode": "vector_quantity",
    "policy_action_mode": "node_base_stock_targets",
    "policy_feature_mode": "compact_summary",
    "input_dim": 14,
    "param_dim": 81,
    "min_values": [
      0,
      0,
      0,
      0,
      0,
      0,
      0,
      0,
      0
    ],
    "max_values": [
      220,
      220,
      220,
      220,
      140,
      140,
      140,
      140,
      140
    ]
  },
  "cma": {
    "popsize": 24,
    "generations": 80,
    "sigma_init": 0.2,
    "seed": 123,
    "n_train_seeds": 12,
    "n_eval_seeds": 2000,
    "wall_seconds": 208.74654531478882,
    "best_train_cost": 7530.0
  },
  "baselines": {
    "published_benchmark_cost": 10467.0,
    "published_ppo_best_cost": 8714.0,
    "repo_heuristic_reproduction_cost": 10354.822400000003,
    "published_levels": [
      82,
      100,
      64,
      83,
      35,
      35,
      35,
      35,
      35
    ]
  },
  "warm_start_heldout": {
    "mean": 10378.5885,
    "sem": 10.569115485457973
  },
  "learned_heldout": {
    "mean": 8034.8102,
    "sem": 17.6076167465028
  },
  "gaps": {
    "vs_repo_heuristic": -2320.012200000003,
    "vs_repo_heuristic_pct": -22.405137532827236,
    "vs_published_benchmark": -2432.1898,
    "vs_published_ppo_best": -679.1898000000001
  },
  "verdict_vs_repo_heuristic": "beats",
  "best_params": [
    0.06901232050023305,
    0.13946231715530075,
    -1.0081091449124395,
    -0.31176782266576547,
    0.25063775153606765,
    -0.09846392525028072,
    -0.38654642826948626,
    -0.33682980552495134,
    1.2441227783320161,
    0.8036550854014874,
    -0.718473858246109,
    0.7934746762178101,
    -1.1008767625266196,
    0.2753246373736821,
    -0.23320092539935583,
    0.1481699778516851,
    0.30287803457589557,
    -0.30905298657046343,
    -0.680723284365741,
    0.8308943166418074,
    -0.2234926223928413,
    -0.21458077418824162,
    0.7647610763284656,
    -0.4687104713627954,
    0.0025971060836690596,
    -0.5212795012284738,
    -0.22237345969268157,
    0.37494960973926056,
    1.83002410546671,
    0.7636399542734552,
    -1.0387748354123065,
    -0.7512369721375992,
    -0.7740732885112843,
    -0.1256358761020251,
    0.932047618836928,
    0.9044552159906009,
    -0.2820624235330164,
    0.04291457464676603,
    0.24394841853100543,
    1.1347498684932968,
    1.292354563637794,
    1.2073245101566354,
    1.0910064887255844,
    -1.8754625968682412,
    0.07473593654622843,
    -0.6385296957400793,
    -0.9388132697146011,
    -0.6628525904412454,
    -2.0327204065713307,
    -1.06883200006013,
    -2.2686347767990034,
    -2.0157450155167824,
    -0.541921054602632,
    0.080944662047993,
    -0.7527930160621381,
    0.08073554958073104,
    -0.7421028270743677,
    -0.7966332398329075,
    -1.2909209750643693,
    -2.880237476980722,
    -2.0122579898625075,
    -1.5726835422437113,
    -0.2636203029461689,
    -1.3370682854878788,
    0.01045319945942863,
    -2.147321612473291,
    -2.0504800838584147,
    -0.31519359391975454,
    -0.4584956799383869,
    -1.6707203734855267,
    -1.2335124842786243,
    -1.9285736785431375,
    -1.4505737786623154,
    -1.0306130077611788,
    -1.1622685792065324,
    -3.05959888714895,
    -0.8588308812852641,
    -0.5453049897752814,
    -0.6656412282543156,
    -0.8122273284472342,
    -0.8056982198610603
  ],
  "description": "warm-start at published set-1 levels [82,100,64,83,35x5]; depth-2 oblique constant-leaf node-base-stock-targets; CMA sigma 0.20"
}