{
  "commit": "01c657a",
  "experiment": "general_backorder_fixed_cost_autoresearch_full_d2_constant_sig0.2_s777",
  "reference": "geevers2023_general_set1",
  "budget": "full",
  "structure": {
    "depth": 2,
    "leaf_type": "constant",
    "split_type": "oblique",
    "temperature": 0.25,
    "action_mode": "vector_quantity",
    "policy_action_mode": "node_base_stock_targets",
    "policy_feature_mode": "compact_summary",
    "input_dim": 14,
    "param_dim": 81,
    "min_values": [
      0,
      0,
      0,
      0,
      0,
      0,
      0,
      0,
      0
    ],
    "max_values": [
      220,
      220,
      220,
      220,
      140,
      140,
      140,
      140,
      140
    ]
  },
  "cma": {
    "popsize": 24,
    "generations": 80,
    "sigma_init": 0.2,
    "seed": 777,
    "n_train_seeds": 12,
    "n_eval_seeds": 2000,
    "wall_seconds": 215.33373761177063,
    "best_train_cost": 7318.149999999999
  },
  "baselines": {
    "published_benchmark_cost": 10467.0,
    "published_ppo_best_cost": 8714.0,
    "repo_heuristic_reproduction_cost": 10354.822400000003,
    "published_levels": [
      82,
      100,
      64,
      83,
      35,
      35,
      35,
      35,
      35
    ]
  },
  "warm_start_heldout": {
    "mean": 10378.5885,
    "sem": 10.569115485457973
  },
  "learned_heldout": {
    "mean": 7590.673199999999,
    "sem": 19.218583520570615
  },
  "gaps": {
    "vs_repo_heuristic": -2764.1492000000035,
    "vs_repo_heuristic_pct": -26.69431780886945,
    "vs_published_benchmark": -2876.3268000000007,
    "vs_published_ppo_best": -1123.3268000000007
  },
  "verdict_vs_repo_heuristic": "beats",
  "best_params": [
    -1.4329306149325278,
    -1.5227538409549501,
    0.6473044326606923,
    0.8038021945193459,
    -0.9064121647463133,
    -0.18194611780001374,
    0.11319701206658053,
    -0.6362429128080368,
    -0.5958553223752775,
    -1.1160838657523597,
    1.0058352332225586,
    -1.5452105037696209,
    -0.8899868818067521,
    0.2503830695597738,
    1.5473253452566031,
    -0.23462626978625795,
    -0.10988175942336233,
    -0.043188930995667375,
    0.08255421476478059,
    0.10872412828206032,
    -0.5808554729441382,
    -1.080688190000196,
    -0.539014072303545,
    -1.0985554807465956,
    0.35371036669634937,
    -0.8718592365008171,
    0.9054418796838911,
    -0.013623599558775179,
    -1.4004326686135027,
    0.4728204648891615,
    -0.03318753932613357,
    0.5718692941554526,
    0.06015211786173305,
    -0.6744312111801868,
    1.0959766685497299,
    0.17647075165470139,
    0.6076255947545024,
    0.31127220443711884,
    -0.7988368652897739,
    -0.0798181885353457,
    1.1369679461081796,
    -1.136577002896837,
    0.2833575622199316,
    -0.4938953468245127,
    -0.46144314241927464,
    -1.9312073896661557,
    -1.5519113187598181,
    -1.5903921029215,
    -4.023344467226237,
    -0.5879271093455203,
    -0.6225698827914405,
    -0.643987658937727,
    -0.9329076871552485,
    -0.3979081715085341,
    -0.6196915943161784,
    -0.05839283408173271,
    0.9579952256348951,
    -2.267281913075272,
    -0.31031155321891163,
    -1.5976225662193528,
    -1.934234156906397,
    -0.1269385324011639,
    -1.2260983131610332,
    -0.6784019616348509,
    -1.3251971300899115,
    -0.9427242329184274,
    -2.3474642227218068,
    -2.7238546416282956,
    -0.8530280345561908,
    -1.5927373973185737,
    -0.8844136263065641,
    -1.1026281615413702,
    -0.49835857761246716,
    -1.7226149246407456,
    -1.0496729195607066,
    -0.8732657493930642,
    -0.29384038236818105,
    -0.24179616331746773,
    -2.8971632154104143,
    0.1651730109118108,
    0.1515810345444652
  ],
  "description": "robustness replicate (CMA seed 777); depth-2 constant warm-start at published levels; sigma 0.20"
}